Step,Issue found,Action taken,Rows affected,Order rows after step
1,"Raw CSV has 10,800 rows: the Orders, People and Returns tabs were exported into one file, so 806 rows below the real data are not orders.","Separated into three tables: Orders (9,994 rows), People (4 rows), Returns (800 rows).",806,9994
2,Returns tab has 800 entries but only 296 distinct Order IDs (repeated per line item). 0 returned Order IDs are missing from Orders.,Kept one row per returned order.,504,9994
3,Order Date stored as text in M/D/YYYY format (0 unparseable values).,Converted to a true date.,9994,9994
4,Ship Date stored as text in M/D/YYYY format (0 unparseable values).,Converted to a true date.,9994,9994
5,"Sales, Quantity, Discount and Profit read in as text.",Converted to numbers (Quantity as whole number).,9994,9994
6,"11 rows have no Postal Code. All are Burlington, Vermont.","Filled with 05401 (Burlington, VT main ZIP code). This is an outside fact, not something derived from the data. Postal Code is not used in any KPI.",11,9994
7,"Postal Code was read as a number, which drops leading zeros (e.g. 5401 instead of 05401).",Stored as 5-character text.,9994,9994
8,"Rows identical in every column except Row ID: same order, product, quantity and price (Row ID [3407]).",Removed the repeat and kept the first. A repeated line with identical values inside one order is most likely a data-entry duplicate. Impact on Sales is under 0.02%.,1,9993
9,Integrity check run before any analysis.,Passed.,0,9993
10,Integrity check run before any analysis.,Passed.,0,9993
11,Integrity check run before any analysis.,Passed.,0,9993
12,Integrity check run before any analysis.,Passed.,0,9993
13,Integrity check run before any analysis.,Passed.,0,9993
14,Integrity check run before any analysis.,Passed.,0,9993
15,Integrity check run before any analysis.,Passed.,0,9993
16,32 Product IDs are attached to two different Product Names (e.g. FUR-BO-10002213 is both a Sauder and a DMI bookcase).,"Left as is. Product-level analysis uses Product Name, not Product ID.",32,9993
17,"Largest loss on one line is -6,599.98 (Machines, 70% discount). Discounts reach 80%.","Kept. These are consistent with the discount level and Sales, so they are real business events rather than errors. They are worth discussing in the insights.",0,9993
